<?xml version="1.0" encoding="UTF-8"?>
<!DOCTYPE hibernate-configuration PUBLIC "-//Hibernate/Hibernate Configuration DTD 3.0//EN" "http://hibernate.sourceforge.net/hibernate-configuration-3.0.dtd">
<hibernate-configuration>
  <session-factory>
    <property name="hibernate.dialect">org.hibernate.dialect.PostgreSQLDialect</property>
    <property name="hibernate.connection.driver_class">org.postgresql.Driver</property>
    <property name="hibernate.connection.url">jdbc:postgresql://localhost:5432/postgres</property>
    <property name="hibernate.connection.username">duncan</property>
    <property name="hibernate.connection.password">1212</property>
    <property name="hibernate.hbm2ddl.auto">update</property>
    <mapping class="reg.backend.domain.Car"/>
    <mapping class="reg.backend.domain.Truck"/>
    <mapping class="reg.backend.domain.PassengerCar"/>
    <mapping class="reg.backend.domain.Owner"/>
  </session-factory>
</hibernate-configuration>
